Tile_Index,Score
9,0.08897369415774434
4,0.0856260970948706
0,0.0838602329426267
2,0.08378401055158993
3,0.0831669568673237
8,0.08282433723079796
1,0.08278222870052165
7,0.08145338369996352
11,0.08036618116099603
10,0.06621250492975783
13,0.060934245527993626
12,0.05436065803511867
14,0.037048892571230424
5,0.0186065765294649
6,0.010000000000000002
