Tile_Index,Score
2,0.14074976764243635
0,0.13991721243985988
8,0.1378160337640786
6,0.13744695853170477
1,0.13723584538178837
5,0.1363054690974052
7,0.13537968209121098
4,0.01848236438484889
3,0.01666666666666667
