Tile_Index,Score
3,0.20689916505771233
7,0.18549484108966174
0,0.16680449229311095
1,0.1369096702100311
6,0.10077361688395017
8,0.07596047669633246
5,0.04676891520279751
2,0.04418186630643266
4,0.03620695625997092
