Tile_Index,Score
1,0.1411597891282103
2,0.14065218543804545
0,0.14038092524803142
8,0.13665103482356755
5,0.13622047880923488
7,0.135587476407494
6,0.13191583956013467
4,0.020765603918614775
3,0.01666666666666667
